{
	"pages": [ //pages数组中第一项表示应用启动页，参考：https://uniapp.dcloud.io/collocation/pages
		{
			"path": "pages/index/index",
			"style": {
				"navigationBarTitleText": "uni-app",
				"navigationStyle": "custom"
			}
		},
		{
			"path": "pages/order/index",
			"style": {
				"navigationBarTitleText": "我的订单",
				"navigationBarBackgroundColor": "#ffffff"
			}
		},
		{
			"path": "pages/user/index",
			"style": {
				"navigationBarTitleText": "",
				"navigationBarBackgroundColor": "#ffffff"
			}
		},
		{
			"path" : "pages/search/index",
			"style" : 
			{
				"navigationBarTitleText" : "",
				"navigationStyle": "custom"
			}
		},
		{
			"path" : "pages/hospital/index",
			"style" : 
			{
				"navigationBarTitleText" : "",
				"navigationStyle": "custom"
			}
		},
		{
			"path" : "pages/service/index",
			"style" : 
			{
				"navigationBarTitleText" : "填写订单"
			}
		},
		{
			"path" : "pages/clients/index",
			"style" : 
			{
				"navigationBarTitleText" : ""
			}
		},
		{
			"path" : "pages/order/order",
			"style" : 
			{
				"navigationBarTitleText" : ""
			}
		}
	],
	"tabBar": {
		"color": "#535353",
		"selectedColor": "#0bb584",
		"borderStyle": "white",
		"list": [{
			"pagePath": "pages/index/index",
			"iconPath": "static/resource/images/tab_index.png",
			"selectedIconPath": "static/resource/images/tab_index_seled.png",
			"text": "首页"
		}, {
			"pagePath": "pages/order/index",
			"iconPath": "static/resource/images/tab_pub.png",
			"selectedIconPath": "static/resource/images/tab_pub_seled.png",
			"text": "订单"
		}, {
			"pagePath": "pages/user/index",
			"iconPath": "static/resource/images/tab_user.png",
			"selectedIconPath": "static/resource/images/tab_user_seled.png",
			"text": "我的"
		}]
	},
	// "plugins": {
	// 	"routePlan": {
	// 		"version": "1.0.19",
	// 		"provider": "wx50b5593e81dd937a"
	// 	}
	// },
	"globalStyle": {
		"navigationBarTextStyle": "black",
		"navigationBarTitleText": "uni-app",
		"navigationBarBackgroundColor": "#F8F8F8",
		"backgroundColor": "#F8F8F8"
	},
	"uniIdRouter": {}
}